degree,order,aspl
3,4,1
3,6,1.4
3,8,1.57143
3,10,1.66667
3,12,1.90909
3,14,2.07692
3,16,2.2
3,18,2.29412
3,20,2.36842
3,22,2.42857
3,24,2.56522
3,26,2.68
3,28,2.77778
3,30,2.86207
3,32,2.93548
3,34,3
3,36,3.05714
3,38,3.10811
3,40,3.15385
3,42,3.19512
3,44,3.23256
3,46,3.26667
3,48,3.34043
3,50,3.40816
3,52,3.47059
3,54,3.5283
3,56,3.58182
3,58,3.63158
3,60,3.67797
3,62,3.72131
3,64,3.7619
3,66,3.8
3,68,3.83582
3,70,3.86957
3,72,3.90141
3,74,3.93151
3,76,3.96
3,78,3.98701
3,80,4.01266
3,82,4.03704
3,84,4.06024
3,86,4.08235
3,88,4.10345
3,90,4.1236
3,92,4.14286
3,94,4.16129
3,96,4.2
3,98,4.23711
3,100,4.27273
3,102,4.30693
3,104,4.33981
3,106,4.37143
3,108,4.40187
3,110,4.43119
3,112,4.45946
3,114,4.48673
3,116,4.51304
3,118,4.53846
3,120,4.56303
3,122,4.58678
3,124,4.60976
3,126,4.632
3,128,4.65354
3,130,4.67442
3,132,4.69466
3,134,4.71429
3,136,4.73333
3,138,4.75182
3,140,4.76978
3,142,4.78723
3,144,4.8042
3,146,4.82069
3,148,4.83673
3,150,4.85235
3,152,4.86755
3,154,4.88235
3,156,4.89677
3,158,4.91083
3,160,4.92453
3,162,4.93789
3,164,4.95092
3,166,4.96364
3,168,4.97605
3,170,4.98817
3,172,5
3,174,5.01156
3,176,5.02286
3,178,5.0339
3,180,5.04469
3,182,5.05525
3,184,5.06557
3,186,5.07568
3,188,5.08556
3,190,5.09524
3,192,5.11518
3,194,5.13472
3,196,5.15385
3,198,5.17259
3,200,5.19095
3,202,5.20896
3,204,5.2266
3,206,5.2439
3,208,5.26087
3,210,5.27751
3,212,5.29384
3,214,5.30986
3,216,5.32558
3,218,5.34101
3,220,5.35616
3,222,5.37104
3,224,5.38565
3,226,5.4
3,228,5.4141
3,230,5.42795
3,232,5.44156
3,234,5.45494
3,236,5.46809
3,238,5.48101
3,240,5.49372
3,242,5.50622
3,244,5.51852
3,246,5.53061
3,248,5.54251
3,250,5.55422
3,252,5.56574
3,254,5.57708
3,256,5.58824
3,258,5.59922
3,260,5.61004
3,262,5.62069
3,264,5.63118
3,266,5.64151
3,268,5.65169
3,270,5.66171
3,272,5.67159
3,274,5.68132
3,276,5.69091
3,278,5.70036
3,280,5.70968
3,282,5.71886
3,284,5.72792
3,286,5.73684
3,288,5.74564
3,290,5.75433
3,292,5.76289
3,294,5.77133
3,296,5.77966
3,298,5.78788
3,300,5.79599
3,302,5.80399
3,304,5.81188
3,306,5.81967
3,308,5.82736
3,310,5.83495
3,312,5.84244
3,314,5.84984
3,316,5.85714
3,318,5.86435
3,320,5.87147
3,322,5.8785
3,324,5.88545
3,326,5.89231
3,328,5.89908
3,330,5.90578
3,332,5.91239
3,334,5.91892
3,336,5.92537
3,338,5.93175
3,340,5.93805
3,342,5.94428
3,344,5.95044
3,346,5.95652
3,348,5.96254
3,350,5.96848
3,352,5.97436
3,354,5.98017
3,356,5.98592
3,358,5.9916
3,360,5.99721
3,362,6.00277
3,364,6.00826
3,366,6.0137
3,368,6.01907
3,370,6.02439
3,372,6.02965
3,374,6.03485
3,376,6.04
3,378,6.04509
3,380,6.05013
3,382,6.05512
3,384,6.06527
3,386,6.07532
3,388,6.08527
3,390,6.09512
3,392,6.10486
3,394,6.1145
3,396,6.12405
3,398,6.1335
3,400,6.14286
3,402,6.15212
3,404,6.16129
3,406,6.17037
3,408,6.17936
3,410,6.18826
3,412,6.19708
3,414,6.20581
3,416,6.21446
3,418,6.22302
3,420,6.2315
3,422,6.2399
3,424,6.24823
3,426,6.25647
3,428,6.26464
3,430,6.27273
3,432,6.28074
3,434,6.28868
3,436,6.29655
3,438,6.30435
3,440,6.31207
3,442,6.31973
3,444,6.32731
3,446,6.33483
3,448,6.34228
3,450,6.34967
3,452,6.35698
3,454,6.36424
3,456,6.37143
3,458,6.37856
3,460,6.38562
3,462,6.39262
3,464,6.39957
3,466,6.40645
3,468,6.41328
3,470,6.42004
3,472,6.42675
3,474,6.4334
3,476,6.44
3,478,6.44654
3,480,6.45303
3,482,6.45946
3,484,6.46584
3,486,6.47216
3,488,6.47844
3,490,6.48466
3,492,6.49084
3,494,6.49696
3,496,6.50303
3,498,6.50905
3,500,6.51503
3,502,6.52096
3,504,6.52684
3,506,6.53267
3,508,6.53846
3,510,6.5442
3,512,6.5499
3,514,6.55556
3,516,6.56117
3,518,6.56673
3,520,6.57225
3,522,6.57774
3,524,6.58317
3,526,6.58857
3,528,6.59393
3,530,6.59924
3,532,6.60452
3,534,6.60976
3,536,6.61495
3,538,6.62011
3,540,6.62523
3,542,6.63031
3,544,6.63536
3,546,6.64037
3,548,6.64534
3,550,6.65027
3,552,6.65517
3,554,6.66004
3,556,6.66486
3,558,6.66966
3,560,6.67442
3,562,6.67914
3,564,6.68384
3,566,6.6885
3,568,6.69312
3,570,6.69772
3,572,6.70228
3,574,6.70681
3,576,6.7113
3,578,6.71577
3,580,6.72021
3,582,6.72461
3,584,6.72899
3,586,6.73333
3,588,6.73765
3,590,6.74194
3,592,6.74619
3,594,6.75042
3,596,6.75462
3,598,6.75879
3,600,6.76294
3,602,6.76705
3,604,6.77114
3,606,6.77521
3,608,6.77924
3,610,6.78325
3,612,6.78723
3,614,6.79119
3,616,6.79512
3,618,6.79903
3,620,6.80291
3,622,6.80676
3,624,6.81059
3,626,6.8144
3,628,6.81818
3,630,6.82194
3,632,6.82567
3,634,6.82938
3,636,6.83307
3,638,6.83673
3,640,6.84038
3,642,6.84399
3,644,6.84759
3,646,6.85116
3,648,6.85471
3,650,6.85824
3,652,6.86175
3,654,6.86524
3,656,6.8687
3,658,6.87215
3,660,6.87557
3,662,6.87897
3,664,6.88235
3,666,6.88571
3,668,6.88906
3,670,6.89238
3,672,6.89568
3,674,6.89896
3,676,6.90222
3,678,6.90547
3,680,6.90869
3,682,6.91189
3,684,6.91508
3,686,6.91825
3,688,6.9214
3,690,6.92453
3,692,6.92764
3,694,6.93074
3,696,6.93381
3,698,6.93687
3,700,6.93991
3,702,6.94294
3,704,6.94595
3,706,6.94894
3,708,6.95191
3,710,6.95487
3,712,6.95781
3,714,6.96073
3,716,6.96364
3,718,6.96653
3,720,6.9694
3,722,6.97226
3,724,6.9751
3,726,6.97793
3,728,6.98074
3,730,6.98354
3,732,6.98632
3,734,6.98909
3,736,6.99184
3,738,6.99457
3,740,6.99729
3,742,7
3,744,7.00269
3,746,7.00537
3,748,7.00803
3,750,7.01068
3,752,7.01332
3,754,7.01594
3,756,7.01854
3,758,7.02114
3,760,7.02372
3,762,7.02628
3,764,7.02883
3,766,7.03137
3,768,7.03651
3,770,7.04161
3,772,7.04669
3,774,7.05175
3,776,7.05677
3,778,7.06178
3,780,7.06675
3,782,7.0717
3,784,7.07663
3,786,7.08153
3,788,7.0864
3,790,7.09125
3,792,7.09608
3,794,7.10088
3,796,7.10566
3,798,7.11041
3,800,7.11514
3,802,7.11985
3,804,7.12453
3,806,7.12919
3,808,7.13383
3,810,7.13844
3,812,7.14303
3,814,7.1476
3,816,7.15215
3,818,7.15667
3,820,7.16117
3,822,7.16565
3,824,7.17011
3,826,7.17455
3,828,7.17896
3,830,7.18335
3,832,7.18773
3,834,7.19208
3,836,7.19641
3,838,7.20072
3,840,7.20501
3,842,7.20927
3,844,7.21352
3,846,7.21775
3,848,7.22196
3,850,7.22615
3,852,7.23032
3,854,7.23447
3,856,7.2386
3,858,7.24271
3,860,7.2468
3,862,7.25087
3,864,7.25492
3,866,7.25896
3,868,7.26298
3,870,7.26697
3,872,7.27095
3,874,7.27491
3,876,7.27886
3,878,7.28278
3,880,7.28669
3,882,7.29058
3,884,7.29445
3,886,7.29831
3,888,7.30214
3,890,7.30596
3,892,7.30976
3,894,7.31355
3,896,7.31732
3,898,7.32107
3,900,7.32481
3,902,7.32852
3,904,7.33223
3,906,7.33591
3,908,7.33958
3,910,7.34323
3,912,7.34687
3,914,7.35049
3,916,7.3541
3,918,7.35769
3,920,7.36126
3,922,7.36482
3,924,7.36836
3,926,7.37189
3,928,7.3754
3,930,7.3789
3,932,7.38238
3,934,7.38585
3,936,7.3893
3,938,7.39274
3,940,7.39617
3,942,7.39957
3,944,7.40297
3,946,7.40635
3,948,7.40971
3,950,7.41307
3,952,7.4164
3,954,7.41973
3,956,7.42304
3,958,7.42633
3,960,7.42961
3,962,7.43288
3,964,7.43614
3,966,7.43938
3,968,7.44261
3,970,7.44582
3,972,7.44902
3,974,7.45221
3,976,7.45538
3,978,7.45855
3,980,7.4617
3,982,7.46483
3,984,7.46796
3,986,7.47107
3,988,7.47416
3,990,7.47725
3,992,7.48032
3,994,7.48338
3,996,7.48643
3,998,7.48947
3,1000,7.49249
4,5,1
4,6,1.2
4,7,1.33333
4,8,1.42857
4,9,1.5
4,10,1.55556
4,11,1.6
4,12,1.63636
4,13,1.66667
4,14,1.69231
4,15,1.71429
4,16,1.73333
4,17,1.75
4,18,1.82353
4,19,1.88889
4,20,1.94737
4,21,2
4,22,2.04762
4,23,2.09091
4,24,2.13043
4,25,2.16667
4,26,2.2
4,27,2.23077
4,28,2.25926
4,29,2.28571
4,30,2.31034
4,31,2.33333
4,32,2.35484
4,33,2.375
4,34,2.39394
4,35,2.41176
4,36,2.42857
4,37,2.44444
4,38,2.45946
4,39,2.47368
4,40,2.48718
4,41,2.5
4,42,2.5122
4,43,2.52381
4,44,2.53488
4,45,2.54545
4,46,2.55556
4,47,2.56522
4,48,2.57447
4,49,2.58333
4,50,2.59184
4,51,2.6
4,52,2.60784
4,53,2.61538
4,54,2.64151
4,55,2.66667
4,56,2.69091
4,57,2.71429
4,58,2.73684
4,59,2.75862
4,60,2.77966
4,61,2.8
4,62,2.81967
4,63,2.83871
4,64,2.85714
4,65,2.875
4,66,2.89231
4,67,2.90909
4,68,2.92537
4,69,2.94118
4,70,2.95652
4,71,2.97143
4,72,2.98592
4,73,3
4,74,3.0137
4,75,3.02703
4,76,3.04
4,77,3.05263
4,78,3.06494
4,79,3.07692
4,80,3.08861
4,81,3.1
4,82,3.11111
4,83,3.12195
4,84,3.13253
4,85,3.14286
4,86,3.15294
4,87,3.16279
4,88,3.17241
4,89,3.18182
4,90,3.19101
4,91,3.2
4,92,3.20879
4,93,3.21739
4,94,3.22581
4,95,3.23404
4,96,3.24211
4,97,3.25
4,98,3.25773
4,99,3.26531
4,100,3.27273
4,101,3.28
4,102,3.28713
4,103,3.29412
4,104,3.30097
4,105,3.30769
4,106,3.31429
4,107,3.32075
4,108,3.3271
4,109,3.33333
4,110,3.33945
4,111,3.34545
4,112,3.35135
4,113,3.35714
4,114,3.36283
4,115,3.36842
4,116,3.37391
4,117,3.37931
4,118,3.38462
4,119,3.38983
4,120,3.39496
4,121,3.4
4,122,3.40496
4,123,3.40984
4,124,3.41463
4,125,3.41935
4,126,3.424
4,127,3.42857
4,128,3.43307
4,129,3.4375
4,130,3.44186
4,131,3.44615
4,132,3.45038
4,133,3.45455
4,134,3.45865
4,135,3.46269
4,136,3.46667
4,137,3.47059
4,138,3.47445
4,139,3.47826
4,140,3.48201
4,141,3.48571
4,142,3.48936
4,143,3.49296
4,144,3.4965
4,145,3.5
4,146,3.50345
4,147,3.50685
4,148,3.5102
4,149,3.51351
4,150,3.51678
4,151,3.52
4,152,3.52318
4,153,3.52632
4,154,3.52941
4,155,3.53247
4,156,3.53548
4,157,3.53846
4,158,3.5414
4,159,3.5443
4,160,3.54717
4,161,3.55
4,162,3.55901
4,163,3.5679
4,164,3.57669
4,165,3.58537
4,166,3.59394
4,167,3.60241
4,168,3.61078
4,169,3.61905
4,170,3.62722
4,171,3.63529
4,172,3.64327
4,173,3.65116
4,174,3.65896
4,175,3.66667
4,176,3.67429
4,177,3.68182
4,178,3.68927
4,179,3.69663
4,180,3.70391
4,181,3.71111
4,182,3.71823
4,183,3.72527
4,184,3.73224
4,185,3.73913
4,186,3.74595
4,187,3.75269
4,188,3.75936
4,189,3.76596
4,190,3.77249
4,191,3.77895
4,192,3.78534
4,193,3.79167
4,194,3.79793
4,195,3.80412
4,196,3.81026
4,197,3.81633
4,198,3.82234
4,199,3.82828
4,200,3.83417
4,201,3.84
4,202,3.84577
4,203,3.85149
4,204,3.85714
4,205,3.86275
4,206,3.86829
4,207,3.87379
4,208,3.87923
4,209,3.88462
4,210,3.88995
4,211,3.89524
4,212,3.90047
4,213,3.90566
4,214,3.9108
4,215,3.91589
4,216,3.92093
4,217,3.92593
4,218,3.93088
4,219,3.93578
4,220,3.94064
4,221,3.94545
4,222,3.95023
4,223,3.95495
4,224,3.95964
4,225,3.96429
4,226,3.96889
4,227,3.97345
4,228,3.97797
4,229,3.98246
4,230,3.9869
4,231,3.9913
4,232,3.99567
4,233,4
4,234,4.00429
4,235,4.00855
4,236,4.01277
4,237,4.01695
4,238,4.0211
4,239,4.02521
4,240,4.02929
4,241,4.03333
4,242,4.03734
4,243,4.04132
4,244,4.04527
4,245,4.04918
4,246,4.05306
4,247,4.05691
4,248,4.06073
4,249,4.06452
4,250,4.06827
4,251,4.072
4,252,4.0757
4,253,4.07937
4,254,4.083
4,255,4.08661
4,256,4.0902
4,257,4.09375
4,258,4.09728
4,259,4.10078
4,260,4.10425
4,261,4.10769
4,262,4.11111
4,263,4.1145
4,264,4.11787
4,265,4.12121
4,266,4.12453
4,267,4.12782
4,268,4.13109
4,269,4.13433
4,270,4.13755
4,271,4.14074
4,272,4.14391
4,273,4.14706
4,274,4.15018
4,275,4.15328
4,276,4.15636
4,277,4.15942
4,278,4.16245
4,279,4.16547
4,280,4.16846
4,281,4.17143
4,282,4.17438
4,283,4.1773
4,284,4.18021
4,285,4.1831
4,286,4.18596
4,287,4.18881
4,288,4.19164
4,289,4.19444
4,290,4.19723
4,291,4.2
4,292,4.20275
4,293,4.20548
4,294,4.20819
4,295,4.21088
4,296,4.21356
4,297,4.21622
4,298,4.21886
4,299,4.22148
4,300,4.22408
4,301,4.22667
4,302,4.22924
4,303,4.23179
4,304,4.23432
4,305,4.23684
4,306,4.23934
4,307,4.24183
4,308,4.2443
4,309,4.24675
4,310,4.24919
4,311,4.25161
4,312,4.25402
4,313,4.25641
4,314,4.25879
4,315,4.26115
4,316,4.26349
4,317,4.26582
4,318,4.26814
4,319,4.27044
4,320,4.27273
4,321,4.275
4,322,4.27726
4,323,4.2795
4,324,4.28173
4,325,4.28395
4,326,4.28615
4,327,4.28834
4,328,4.29052
4,329,4.29268
4,330,4.29483
4,331,4.29697
4,332,4.29909
4,333,4.3012
4,334,4.3033
4,335,4.30539
4,336,4.30746
4,337,4.30952
4,338,4.31157
4,339,4.31361
4,340,4.31563
4,341,4.31765
4,342,4.31965
4,343,4.32164
4,344,4.32362
4,345,4.32558
4,346,4.32754
4,347,4.32948
4,348,4.33141
4,349,4.33333
4,350,4.33524
4,351,4.33714
4,352,4.33903
4,353,4.34091
4,354,4.34278
4,355,4.34463
4,356,4.34648
4,357,4.34831
4,358,4.35014
4,359,4.35196
4,360,4.35376
4,361,4.35556
4,362,4.35734
4,363,4.35912
4,364,4.36088
4,365,4.36264
4,366,4.36438
4,367,4.36612
4,368,4.36785
4,369,4.36957
4,370,4.37127
4,371,4.37297
4,372,4.37466
4,373,4.37634
4,374,4.37802
4,375,4.37968
4,376,4.38133
4,377,4.38298
4,378,4.38462
4,379,4.38624
4,380,4.38786
4,381,4.38947
4,382,4.39108
4,383,4.39267
4,384,4.39426
4,385,4.39583
4,386,4.3974
4,387,4.39896
4,388,4.40052
4,389,4.40206
4,390,4.4036
4,391,4.40513
4,392,4.40665
4,393,4.40816
4,394,4.40967
4,395,4.41117
4,396,4.41266
4,397,4.41414
4,398,4.41562
4,399,4.41709
4,400,4.41855
4,401,4.42
4,402,4.42145
4,403,4.42289
4,404,4.42432
4,405,4.42574
4,406,4.42716
4,407,4.42857
4,408,4.42998
4,409,4.43137
4,410,4.43276
4,411,4.43415
4,412,4.43552
4,413,4.43689
4,414,4.43826
4,415,4.43961
4,416,4.44096
4,417,4.44231
4,418,4.44365
4,419,4.44498
4,420,4.4463
4,421,4.44762
4,422,4.44893
4,423,4.45024
4,424,4.45154
4,425,4.45283
4,426,4.45412
4,427,4.4554
4,428,4.45667
4,429,4.45794
4,430,4.45921
4,431,4.46047
4,432,4.46172
4,433,4.46296
4,434,4.4642
4,435,4.46544
4,436,4.46667
4,437,4.46789
4,438,4.46911
4,439,4.47032
4,440,4.47153
4,441,4.47273
4,442,4.47392
4,443,4.47511
4,444,4.4763
4,445,4.47748
4,446,4.47865
4,447,4.47982
4,448,4.48098
4,449,4.48214
4,450,4.4833
4,451,4.48444
4,452,4.48559
4,453,4.48673
4,454,4.48786
4,455,4.48899
4,456,4.49011
4,457,4.49123
4,458,4.49234
4,459,4.49345
4,460,4.49455
4,461,4.49565
4,462,4.49675
4,463,4.49784
4,464,4.49892
4,465,4.5
4,466,4.50108
4,467,4.50215
4,468,4.50321
4,469,4.50427
4,470,4.50533
4,471,4.50638
4,472,4.50743
4,473,4.50847
4,474,4.50951
4,475,4.51055
4,476,4.51158
4,477,4.51261
4,478,4.51363
4,479,4.51464
4,480,4.51566
4,481,4.51667
4,482,4.51767
4,483,4.51867
4,484,4.51967
4,485,4.52066
4,486,4.52165
4,487,4.52675
4,488,4.52977
4,489,4.53279
4,490,4.53579
4,491,4.53878
4,492,4.54175
4,493,4.54472
4,494,4.54767
4,495,4.55061
4,496,4.55354
4,497,4.55645
4,498,4.55936
4,499,4.56225
4,500,4.56513
4,501,4.568
4,502,4.57086
4,503,4.57371
4,504,4.57654
4,505,4.57937
4,506,4.58218
4,507,4.58498
4,508,4.58777
4,509,4.59055
4,510,4.59332
4,511,4.59608
4,512,4.59883
4,513,4.60156
4,514,4.60429
4,515,4.607
4,516,4.60971
4,517,4.6124
4,518,4.61509
4,519,4.61776
4,520,4.62042
4,521,4.62308
4,522,4.62572
4,523,4.62835
4,524,4.63098
4,525,4.63359
4,526,4.63619
4,527,4.63878
4,528,4.64137
4,529,4.64394
4,530,4.6465
4,531,4.64906
4,532,4.6516
4,533,4.65414
4,534,4.65666
4,535,4.65918
4,536,4.66168
4,537,4.66418
4,538,4.66667
4,539,4.66914
4,540,4.67161
4,541,4.67407
4,542,4.67652
4,543,4.67897
4,544,4.6814
4,545,4.68382
4,546,4.68624
4,547,4.68864
4,548,4.69104
4,549,4.69343
4,550,4.69581
4,551,4.69818
4,552,4.70054
4,553,4.7029
4,554,4.70524
4,555,4.70758
4,556,4.70991
4,557,4.71223
4,558,4.71454
4,559,4.71685
4,560,4.71914
4,561,4.72143
4,562,4.72371
4,563,4.72598
4,564,4.72824
4,565,4.7305
4,566,4.73274
4,567,4.73498
4,568,4.73721
4,569,4.73944
4,570,4.74165
4,571,4.74386
4,572,4.74606
4,573,4.74825
4,574,4.75044
4,575,4.75261
4,576,4.75478
4,577,4.75694
4,578,4.7591
4,579,4.76125
4,580,4.76339
4,581,4.76552
4,582,4.76764
4,583,4.76976
4,584,4.77187
4,585,4.77397
4,586,4.77607
4,587,4.77816
4,588,4.78024
4,589,4.78231
4,590,4.78438
4,591,4.78644
4,592,4.78849
4,593,4.79054
4,594,4.79258
4,595,4.79461
4,596,4.79664
4,597,4.79866
4,598,4.80067
4,599,4.80268
4,600,4.80467
4,601,4.80667
4,602,4.80865
4,603,4.81063
4,604,4.8126
4,605,4.81457
4,606,4.81653
4,607,4.81848
4,608,4.82043
4,609,4.82237
4,610,4.8243
4,611,4.82623
4,612,4.82815
4,613,4.83007
4,614,4.83197
4,615,4.83388
4,616,4.83577
4,617,4.83766
4,618,4.83955
4,619,4.84142
4,620,4.8433
4,621,4.84516
4,622,4.84702
4,623,4.84887
4,624,4.85072
4,625,4.85256
4,626,4.8544
4,627,4.85623
4,628,4.85805
4,629,4.85987
4,630,4.86169
4,631,4.86349
4,632,4.86529
4,633,4.86709
4,634,4.86888
4,635,4.87066
4,636,4.87244
4,637,4.87421
4,638,4.87598
4,639,4.87774
4,640,4.8795
4,641,4.88125
4,642,4.883
4,643,4.88474
4,644,4.88647
4,645,4.8882
4,646,4.88992
4,647,4.89164
4,648,4.89335
4,649,4.89506
4,650,4.89676
4,651,4.89846
4,652,4.90015
4,653,4.90184
4,654,4.90352
4,655,4.9052
4,656,4.90687
4,657,4.90854
4,658,4.9102
4,659,4.91185
4,660,4.91351
4,661,4.91515
4,662,4.91679
4,663,4.91843
4,664,4.92006
4,665,4.92169
4,666,4.92331
4,667,4.92492
4,668,4.92654
4,669,4.92814
4,670,4.92975
4,671,4.93134
4,672,4.93294
4,673,4.93452
4,674,4.93611
4,675,4.93769
4,676,4.93926
4,677,4.94083
4,678,4.94239
4,679,4.94395
4,680,4.94551
4,681,4.94706
4,682,4.9486
4,683,4.95015
4,684,4.95168
4,685,4.95322
4,686,4.95474
4,687,4.95627
4,688,4.95779
4,689,4.9593
4,690,4.96081
4,691,4.96232
4,692,4.96382
4,693,4.96532
4,694,4.96681
4,695,4.9683
4,696,4.96978
4,697,4.97126
4,698,4.97274
4,699,4.97421
4,700,4.97568
4,701,4.97714
4,702,4.9786
4,703,4.98006
4,704,4.98151
4,705,4.98295
4,706,4.9844
4,707,4.98584
4,708,4.98727
4,709,4.9887
4,710,4.99013
4,711,4.99155
4,712,4.99297
4,713,4.99438
4,714,4.99579
4,715,4.9972
4,716,4.9986
4,717,5
4,718,5.00139
4,719,5.00279
4,720,5.00417
4,721,5.00556
4,722,5.00693
4,723,5.00831
4,724,5.00968
4,725,5.01105
4,726,5.01241
4,727,5.01377
4,728,5.01513
4,729,5.01648
4,730,5.01783
4,731,5.01918
4,732,5.02052
4,733,5.02186
4,734,5.02319
4,735,5.02452
4,736,5.02585
4,737,5.02717
4,738,5.02849
4,739,5.02981
4,740,5.03112
4,741,5.03243
4,742,5.03374
4,743,5.03504
4,744,5.03634
4,745,5.03763
4,746,5.03893
4,747,5.04021
4,748,5.0415
4,749,5.04278
4,750,5.04406
4,751,5.04533
4,752,5.0466
4,753,5.04787
4,754,5.04914
4,755,5.0504
4,756,5.05166
4,757,5.05291
4,758,5.05416
4,759,5.05541
4,760,5.05665
4,761,5.05789
4,762,5.05913
4,763,5.06037
4,764,5.0616
4,765,5.06283
4,766,5.06405
4,767,5.06527
4,768,5.06649
4,769,5.06771
4,770,5.06892
4,771,5.07013
4,772,5.07134
4,773,5.07254
4,774,5.07374
4,775,5.07494
4,776,5.07613
4,777,5.07732
4,778,5.07851
4,779,5.07969
4,780,5.08087
4,781,5.08205
4,782,5.08323
4,783,5.0844
4,784,5.08557
4,785,5.08673
4,786,5.0879
4,787,5.08906
4,788,5.09022
4,789,5.09137
4,790,5.09252
4,791,5.09367
4,792,5.09482
4,793,5.09596
4,794,5.0971
4,795,5.09824
4,796,5.09937
4,797,5.1005
4,798,5.10163
4,799,5.10276
4,800,5.10388
4,801,5.105
4,802,5.10612
4,803,5.10723
4,804,5.10834
4,805,5.10945
4,806,5.11056
4,807,5.11166
4,808,5.11276
4,809,5.11386
4,810,5.11496
4,811,5.11605
4,812,5.11714
4,813,5.11823
4,814,5.11931
4,815,5.12039
4,816,5.12147
4,817,5.12255
4,818,5.12362
4,819,5.12469
4,820,5.12576
4,821,5.12683
4,822,5.12789
4,823,5.12895
4,824,5.13001
4,825,5.13107
4,826,5.13212
4,827,5.13317
4,828,5.13422
4,829,5.13527
4,830,5.13631
4,831,5.13735
4,832,5.13839
4,833,5.13942
4,834,5.14046
4,835,5.14149
4,836,5.14251
4,837,5.14354
4,838,5.14456
4,839,5.14558
4,840,5.1466
4,841,5.14762
4,842,5.14863
4,843,5.14964
4,844,5.15065
4,845,5.15166
4,846,5.15266
4,847,5.15366
4,848,5.15466
4,849,5.15566
4,850,5.15665
4,851,5.15765
4,852,5.15864
4,853,5.15962
4,854,5.16061
4,855,5.16159
4,856,5.16257
4,857,5.16355
4,858,5.16453
4,859,5.1655
4,860,5.16647
4,861,5.16744
4,862,5.16841
4,863,5.16937
4,864,5.17034
4,865,5.1713
4,866,5.17225
4,867,5.17321
4,868,5.17416
4,869,5.17512
4,870,5.17606
4,871,5.17701
4,872,5.17796
4,873,5.1789
4,874,5.17984
4,875,5.18078
4,876,5.18171
4,877,5.18265
4,878,5.18358
4,879,5.18451
4,880,5.18544
4,881,5.18636
4,882,5.18729
4,883,5.18821
4,884,5.18913
4,885,5.19005
4,886,5.19096
4,887,5.19187
4,888,5.19278
4,889,5.19369
4,890,5.1946
4,891,5.19551
4,892,5.19641
4,893,5.19731
4,894,5.19821
4,895,5.19911
4,896,5.2
4,897,5.20089
4,898,5.20178
4,899,5.20267
4,900,5.20356
4,901,5.20444
4,902,5.20533
4,903,5.20621
4,904,5.20709
4,905,5.20796
4,906,5.20884
4,907,5.20971
4,908,5.21058
4,909,5.21145
4,910,5.21232
4,911,5.21319
4,912,5.21405
4,913,5.21491
4,914,5.21577
4,915,5.21663
4,916,5.21749
4,917,5.21834
4,918,5.21919
4,919,5.22004
4,920,5.22089
4,921,5.22174
4,922,5.22258
4,923,5.22343
4,924,5.22427
4,925,5.22511
4,926,5.22595
4,927,5.22678
4,928,5.22762
4,929,5.22845
4,930,5.22928
4,931,5.23011
4,932,5.23093
4,933,5.23176
4,934,5.23258
4,935,5.2334
4,936,5.23422
4,937,5.23504
4,938,5.23586
4,939,5.23667
4,940,5.23749
4,941,5.2383
4,942,5.23911
4,943,5.23992
4,944,5.24072
4,945,5.24153
4,946,5.24233
4,947,5.24313
4,948,5.24393
4,949,5.24473
4,950,5.24552
4,951,5.24632
4,952,5.24711
4,953,5.2479
4,954,5.24869
4,955,5.24948
4,956,5.25026
4,957,5.25105
4,958,5.25183
4,959,5.25261
4,960,5.25339
4,961,5.25417
4,962,5.25494
4,963,5.25572
4,964,5.25649
4,965,5.25726
4,966,5.25803
4,967,5.2588
4,968,5.25957
4,969,5.26033
4,970,5.26109
4,971,5.26186
4,972,5.26262
4,973,5.26337
4,974,5.26413
4,975,5.26489
4,976,5.26564
4,977,5.26639
4,978,5.26714
4,979,5.26789
4,980,5.26864
4,981,5.26939
4,982,5.27013
4,983,5.27088
4,984,5.27162
4,985,5.27236
4,986,5.2731
4,987,5.27383
4,988,5.27457
4,989,5.2753
4,990,5.27604
4,991,5.27677
4,992,5.2775
4,993,5.27823
4,994,5.27895
4,995,5.27968
4,996,5.2804
4,997,5.28112
4,998,5.28185
4,999,5.28257
4,1000,5.28328
7,8,1
7,10,1.22222
7,12,1.36364
7,14,1.46154
7,16,1.53333
7,18,1.58824
7,20,1.63158
7,22,1.66667
7,24,1.69565
7,26,1.72
7,28,1.74074
7,30,1.75862
7,32,1.77419
7,34,1.78788
7,36,1.8
7,38,1.81081
7,40,1.82051
7,42,1.82927
7,44,1.83721
7,46,1.84444
7,48,1.85106
7,50,1.85714
7,52,1.90196
7,54,1.9434
7,56,1.98182
7,58,2.01754
7,60,2.05085
7,62,2.08197
7,64,2.11111
7,66,2.13846
7,68,2.16418
7,70,2.18841
7,72,2.21127
7,74,2.23288
7,76,2.25333
7,78,2.27273
7,80,2.29114
7,82,2.30864
7,84,2.3253
7,86,2.34118
7,88,2.35632
7,90,2.37079
7,92,2.38462
7,94,2.39785
7,96,2.41053
7,98,2.42268
7,100,2.43434
7,102,2.44554
7,104,2.45631
7,106,2.46667
7,108,2.47664
7,110,2.48624
7,112,2.4955
7,114,2.50442
7,116,2.51304
7,118,2.52137
7,120,2.52941
7,122,2.53719
7,124,2.54472
7,126,2.552
7,128,2.55906
7,130,2.56589
7,132,2.57252
7,134,2.57895
7,136,2.58519
7,138,2.59124
7,140,2.59712
7,142,2.60284
7,144,2.60839
7,146,2.61379
7,148,2.61905
7,150,2.62416
7,152,2.62914
7,154,2.63399
7,156,2.63871
7,158,2.64331
7,160,2.6478
7,162,2.65217
7,164,2.65644
7,166,2.66061
7,168,2.66467
7,170,2.66864
7,172,2.67251
7,174,2.6763
7,176,2.68
7,178,2.68362
7,180,2.68715
7,182,2.69061
7,184,2.69399
7,186,2.6973
7,188,2.70053
7,190,2.7037
7,192,2.70681
7,194,2.70984
7,196,2.71282
7,198,2.71574
7,200,2.71859
7,202,2.72139
7,204,2.72414
7,206,2.72683
7,208,2.72947
7,210,2.73206
7,212,2.7346
7,214,2.73709
7,216,2.73953
7,218,2.74194
7,220,2.74429
7,222,2.74661
7,224,2.74888
7,226,2.75111
7,228,2.7533
7,230,2.75546
7,232,2.75758
7,234,2.75966
7,236,2.7617
7,238,2.76371
7,240,2.76569
7,242,2.76763
7,244,2.76955
7,246,2.77143
7,248,2.77328
7,250,2.7751
7,252,2.77689
7,254,2.77866
7,256,2.78039
7,258,2.7821
7,260,2.78378
7,262,2.78544
7,264,2.78707
7,266,2.78868
7,268,2.79026
7,270,2.79182
7,272,2.79336
7,274,2.79487
7,276,2.79636
7,278,2.79783
7,280,2.79928
7,282,2.80071
7,284,2.80212
7,286,2.80351
7,288,2.80488
7,290,2.80623
7,292,2.80756
7,294,2.80887
7,296,2.81017
7,298,2.81145
7,300,2.81271
7,302,2.81395
7,304,2.82178
7,306,2.82951
7,308,2.83713
7,310,2.84466
7,312,2.85209
7,314,2.85942
7,316,2.86667
7,318,2.87382
7,320,2.88088
7,322,2.88785
7,324,2.89474
7,326,2.90154
7,328,2.90826
7,330,2.91489
7,332,2.92145
7,334,2.92793
7,336,2.93433
7,338,2.94065
7,340,2.9469
7,342,2.95308
7,344,2.95918
7,346,2.96522
7,348,2.97118
7,350,2.97708
7,352,2.98291
7,354,2.98867
7,356,2.99437
7,358,3
7,360,3.00557
7,362,3.01108
7,364,3.01653
7,366,3.02192
7,368,3.02725
7,370,3.03252
7,372,3.03774
7,374,3.0429
7,376,3.048
7,378,3.05305
7,380,3.05805
7,382,3.06299
7,384,3.06789
7,386,3.07273
7,388,3.07752
7,390,3.08226
7,392,3.08696
7,394,3.0916
7,396,3.0962
7,398,3.10076
7,400,3.10526
7,402,3.10973
7,404,3.11414
7,406,3.11852
7,408,3.12285
7,410,3.12714
7,412,3.13139
7,414,3.13559
7,416,3.13976
7,418,3.14388
7,420,3.14797
7,422,3.15202
7,424,3.15603
7,426,3.16
7,428,3.16393
7,430,3.16783
7,432,3.17169
7,434,3.17552
7,436,3.17931
7,438,3.18307
7,440,3.18679
7,442,3.19048
7,444,3.19413
7,446,3.19775
7,448,3.20134
7,450,3.2049
7,452,3.20843
7,454,3.21192
7,456,3.21538
7,458,3.21882
7,460,3.22222
7,462,3.2256
7,464,3.22894
7,466,3.23226
7,468,3.23555
7,470,3.23881
7,472,3.24204
7,474,3.24524
7,476,3.24842
7,478,3.25157
7,480,3.2547
7,482,3.2578
7,484,3.26087
7,486,3.26392
7,488,3.26694
7,490,3.26994
7,492,3.27291
7,494,3.27586
7,496,3.27879
7,498,3.28169
7,500,3.28457
7,502,3.28743
7,504,3.29026
7,506,3.29307
7,508,3.29586
7,510,3.29862
7,512,3.30137
7,514,3.30409
7,516,3.3068
7,518,3.30948
7,520,3.31214
7,522,3.31478
7,524,3.3174
7,526,3.32
7,528,3.32258
7,530,3.32514
7,532,3.32768
7,534,3.33021
7,536,3.33271
7,538,3.3352
7,540,3.33766
7,542,3.34011
7,544,3.34254
7,546,3.34495
7,548,3.34735
7,550,3.34973
7,552,3.35209
7,554,3.35443
7,556,3.35676
7,558,3.35907
7,560,3.36136
7,562,3.36364
7,564,3.3659
7,566,3.36814
7,568,3.37037
7,570,3.37258
7,572,3.37478
7,574,3.37696
7,576,3.37913
7,578,3.38128
7,580,3.38342
7,582,3.38554
7,584,3.38765
7,586,3.38974
7,588,3.39182
7,590,3.39389
7,592,3.39594
7,594,3.39798
7,596,3.4
7,598,3.40201
7,600,3.40401
7,602,3.40599
7,604,3.40796
7,606,3.40992
7,608,3.41186
7,610,3.41379
7,612,3.41571
7,614,3.41762
7,616,3.41951
7,618,3.42139
7,620,3.42326
7,622,3.42512
7,624,3.42697
7,626,3.4288
7,628,3.43062
7,630,3.43243
7,632,3.43423
7,634,3.43602
7,636,3.4378
7,638,3.43956
7,640,3.44131
7,642,3.44306
7,644,3.44479
7,646,3.44651
7,648,3.44822
7,650,3.44992
7,652,3.45161
7,654,3.45329
7,656,3.45496
7,658,3.45662
7,660,3.45827
7,662,3.45991
7,664,3.46154
7,666,3.46316
7,668,3.46477
7,670,3.46637
7,672,3.46796
7,674,3.46954
7,676,3.47111
7,678,3.47267
7,680,3.47423
7,682,3.47577
7,684,3.47731
7,686,3.47883
7,688,3.48035
7,690,3.48186
7,692,3.48336
7,694,3.48485
7,696,3.48633
7,698,3.4878
7,700,3.48927
7,702,3.49073
7,704,3.49218
7,706,3.49362
7,708,3.49505
7,710,3.49647
7,712,3.49789
7,714,3.4993
7,716,3.5007
7,718,3.50209
7,720,3.50348
7,722,3.50485
7,724,3.50622
7,726,3.50759
7,728,3.50894
7,730,3.51029
7,732,3.51163
7,734,3.51296
7,736,3.51429
7,738,3.5156
7,740,3.51691
7,742,3.51822
7,744,3.51952
7,746,3.52081
7,748,3.52209
7,750,3.52336
7,752,3.52463
7,754,3.5259
7,756,3.52715
7,758,3.5284
7,760,3.52964
7,762,3.53088
7,764,3.53211
7,766,3.53333
7,768,3.53455
7,770,3.53576
7,772,3.53696
7,774,3.53816
7,776,3.53935
7,778,3.54054
7,780,3.54172
7,782,3.54289
7,784,3.54406
7,786,3.54522
7,788,3.54638
7,790,3.54753
7,792,3.54867
7,794,3.54981
7,796,3.55094
7,798,3.55207
7,800,3.55319
7,802,3.55431
7,804,3.55542
7,806,3.55652
7,808,3.55762
7,810,3.55871
7,812,3.5598
7,814,3.56089
7,816,3.56196
7,818,3.56304
7,820,3.5641
7,822,3.56516
7,824,3.56622
7,826,3.56727
7,828,3.56832
7,830,3.56936
7,832,3.5704
7,834,3.57143
7,836,3.57246
7,838,3.57348
7,840,3.57449
7,842,3.57551
7,844,3.57651
7,846,3.57751
7,848,3.57851
7,850,3.57951
7,852,3.58049
7,854,3.58148
7,856,3.58246
7,858,3.58343
7,860,3.5844
7,862,3.58537
7,864,3.58633
7,866,3.58728
7,868,3.58824
7,870,3.58918
7,872,3.59013
7,874,3.59107
7,876,3.592
7,878,3.59293
7,880,3.59386
7,882,3.59478
7,884,3.5957
7,886,3.59661
7,888,3.59752
7,890,3.59843
7,892,3.59933
7,894,3.60022
7,896,3.60112
7,898,3.60201
7,900,3.60289
7,902,3.60377
7,904,3.60465
7,906,3.60552
7,908,3.60639
7,910,3.60726
7,912,3.60812
7,914,3.60898
7,916,3.60984
7,918,3.61069
7,920,3.61153
7,922,3.61238
7,924,3.61322
7,926,3.61405
7,928,3.61489
7,930,3.61572
7,932,3.61654
7,934,3.61736
7,936,3.61818
7,938,3.619
7,940,3.61981
7,942,3.62062
7,944,3.62142
7,946,3.62222
7,948,3.62302
7,950,3.62381
7,952,3.62461
7,954,3.62539
7,956,3.62618
7,958,3.62696
7,960,3.62774
7,962,3.62851
7,964,3.62928
7,966,3.63005
7,968,3.63082
7,970,3.63158
7,972,3.63234
7,974,3.63309
7,976,3.63385
7,978,3.6346
7,980,3.63534
7,982,3.63609
7,984,3.63683
7,986,3.63756
7,988,3.6383
7,990,3.63903
7,992,3.63976
7,994,3.64048
7,996,3.64121
7,998,3.64193
7,1000,3.64264
8,9,1
8,10,1.11111
8,11,1.2
8,12,1.27273
8,13,1.33333
8,14,1.38462
8,15,1.42857
8,16,1.46667
8,17,1.5
8,18,1.52941
8,19,1.55556
8,20,1.57895
8,21,1.6
8,22,1.61905
8,23,1.63636
8,24,1.65217
8,25,1.66667
8,26,1.68
8,27,1.69231
8,28,1.7037
8,29,1.71429
8,30,1.72414
8,31,1.73333
8,32,1.74194
8,33,1.75
8,34,1.75758
8,35,1.76471
8,36,1.77143
8,37,1.77778
8,38,1.78378
8,39,1.78947
8,40,1.79487
8,41,1.8
8,42,1.80488
8,43,1.80952
8,44,1.81395
8,45,1.81818
8,46,1.82222
8,47,1.82609
8,48,1.82979
8,49,1.83333
8,50,1.83673
8,51,1.84
8,52,1.84314
8,53,1.84615
8,54,1.84906
8,55,1.85185
8,56,1.85455
8,57,1.85714
8,58,1.85965
8,59,1.86207
8,60,1.86441
8,61,1.86667
8,62,1.86885
8,63,1.87097
8,64,1.87302
8,65,1.875
8,66,1.89231
8,67,1.90909
8,68,1.92537
8,69,1.94118
8,70,1.95652
8,71,1.97143
8,72,1.98592
8,73,2
8,74,2.0137
8,75,2.02703
8,76,2.04
8,77,2.05263
8,78,2.06494
8,79,2.07692
8,80,2.08861
8,81,2.1
8,82,2.11111
8,83,2.12195
8,84,2.13253
8,85,2.14286
8,86,2.15294
8,87,2.16279
8,88,2.17241
8,89,2.18182
8,90,2.19101
8,91,2.2
8,92,2.20879
8,93,2.21739
8,94,2.22581
8,95,2.23404
8,96,2.24211
8,97,2.25
8,98,2.25773
8,99,2.26531
8,100,2.27273
8,101,2.28
8,102,2.28713
8,103,2.29412
8,104,2.30097
8,105,2.30769
8,106,2.31429
8,107,2.32075
8,108,2.3271
8,109,2.33333
8,110,2.33945
8,111,2.34545
8,112,2.35135
8,113,2.35714
8,114,2.36283
8,115,2.36842
8,116,2.37391
8,117,2.37931
8,118,2.38462
8,119,2.38983
8,120,2.39496
8,121,2.4
8,122,2.40496
8,123,2.40984
8,124,2.41463
8,125,2.41935
8,126,2.424
8,127,2.42857
8,128,2.43307
8,129,2.4375
8,130,2.44186
8,131,2.44615
8,132,2.45038
8,133,2.45455
8,134,2.45865
8,135,2.46269
8,136,2.46667
8,137,2.47059
8,138,2.47445
8,139,2.47826
8,140,2.48201
8,141,2.48571
8,142,2.48936
8,143,2.49296
8,144,2.4965
8,145,2.5
8,146,2.50345
8,147,2.50685
8,148,2.5102
8,149,2.51351
8,150,2.51678
8,151,2.52
8,152,2.52318
8,153,2.52632
8,154,2.52941
8,155,2.53247
8,156,2.53548
8,157,2.53846
8,158,2.5414
8,159,2.5443
8,160,2.54717
8,161,2.55
8,162,2.5528
8,163,2.55556
8,164,2.55828
8,165,2.56098
8,166,2.56364
8,167,2.56627
8,168,2.56886
8,169,2.57143
8,170,2.57396
8,171,2.57647
8,172,2.57895
8,173,2.5814
8,174,2.58382
8,175,2.58621
8,176,2.58857
8,177,2.59091
8,178,2.59322
8,179,2.59551
8,180,2.59777
8,181,2.6
8,182,2.60221
8,183,2.6044
8,184,2.60656
8,185,2.6087
8,186,2.61081
8,187,2.6129
8,188,2.61497
8,189,2.61702
8,190,2.61905
8,191,2.62105
8,192,2.62304
8,193,2.625
8,194,2.62694
8,195,2.62887
8,196,2.63077
8,197,2.63265
8,198,2.63452
8,199,2.63636
8,200,2.63819
8,201,2.64
8,202,2.64179
8,203,2.64356
8,204,2.64532
8,205,2.64706
8,206,2.64878
8,207,2.65049
8,208,2.65217
8,209,2.65385
8,210,2.6555
8,211,2.65714
8,212,2.65877
8,213,2.66038
8,214,2.66197
8,215,2.66355
8,216,2.66512
8,217,2.66667
8,218,2.6682
8,219,2.66972
8,220,2.67123
8,221,2.67273
8,222,2.67421
8,223,2.67568
8,224,2.67713
8,225,2.67857
8,226,2.68
8,227,2.68142
8,228,2.68282
8,229,2.68421
8,230,2.68559
8,231,2.68696
8,232,2.68831
8,233,2.68966
8,234,2.69099
8,235,2.69231
8,236,2.69362
8,237,2.69492
8,238,2.6962
8,239,2.69748
8,240,2.69874
8,241,2.7
8,242,2.70124
8,243,2.70248
8,244,2.7037
8,245,2.70492
8,246,2.70612
8,247,2.70732
8,248,2.7085
8,249,2.70968
8,250,2.71084
8,251,2.712
8,252,2.71315
8,253,2.71429
8,254,2.71542
8,255,2.71654
8,256,2.71765
8,257,2.71875
8,258,2.71984
8,259,2.72093
8,260,2.72201
8,261,2.72308
8,262,2.72414
8,263,2.72519
8,264,2.72624
8,265,2.72727
8,266,2.7283
8,267,2.72932
8,268,2.73034
8,269,2.73134
8,270,2.73234
8,271,2.73333
8,272,2.73432
8,273,2.73529
8,274,2.73626
8,275,2.73723
8,276,2.73818
8,277,2.73913
8,278,2.74007
8,279,2.74101
8,280,2.74194
8,281,2.74286
8,282,2.74377
8,283,2.74468
8,284,2.74558
8,285,2.74648
8,286,2.74737
8,287,2.74825
8,288,2.74913
8,289,2.75
8,290,2.75087
8,291,2.75172
8,292,2.75258
8,293,2.75342
8,294,2.75427
8,295,2.7551
8,296,2.75593
8,297,2.75676
8,298,2.75758
8,299,2.75839
8,300,2.7592
8,301,2.76
8,302,2.7608
8,303,2.76159
8,304,2.76238
8,305,2.76316
8,306,2.76393
8,307,2.76471
8,308,2.76547
8,309,2.76623
8,310,2.76699
8,311,2.76774
8,312,2.76849
8,313,2.76923
8,314,2.76997
8,315,2.7707
8,316,2.77143
8,317,2.77215
8,318,2.77287
8,319,2.77358
8,320,2.77429
8,321,2.775
8,322,2.7757
8,323,2.7764
8,324,2.77709
8,325,2.77778
8,326,2.77846
8,327,2.77914
8,328,2.77982
8,329,2.78049
8,330,2.78116
8,331,2.78182
8,332,2.78248
8,333,2.78313
8,334,2.78378
8,335,2.78443
8,336,2.78507
8,337,2.78571
8,338,2.78635
8,339,2.78698
8,340,2.78761
8,341,2.78824
8,342,2.78886
8,343,2.78947
8,344,2.79009
8,345,2.7907
8,346,2.7913
8,347,2.79191
8,348,2.79251
8,349,2.7931
8,350,2.7937
8,351,2.79429
8,352,2.79487
8,353,2.79545
8,354,2.79603
8,355,2.79661
8,356,2.79718
8,357,2.79775
8,358,2.79832
8,359,2.79888
8,360,2.79944
8,361,2.8
8,362,2.80055
8,363,2.8011
8,364,2.80165
8,365,2.8022
8,366,2.80274
8,367,2.80328
8,368,2.80381
8,369,2.80435
8,370,2.80488
8,371,2.80541
8,372,2.80593
8,373,2.80645
8,374,2.80697
8,375,2.80749
8,376,2.808
8,377,2.80851
8,378,2.80902
8,379,2.80952
8,380,2.81003
8,381,2.81053
8,382,2.81102
8,383,2.81152
8,384,2.81201
8,385,2.8125
8,386,2.81299
8,387,2.81347
8,388,2.81395
8,389,2.81443
8,390,2.81491
8,391,2.81538
8,392,2.81586
8,393,2.81633
8,394,2.81679
8,395,2.81726
8,396,2.81772
8,397,2.81818
8,398,2.81864
8,399,2.8191
8,400,2.81955
8,401,2.82
8,402,2.82045
8,403,2.8209
8,404,2.82134
8,405,2.82178
8,406,2.82222
8,407,2.82266
8,408,2.8231
8,409,2.82353
8,410,2.82396
8,411,2.82439
8,412,2.82482
8,413,2.82524
8,414,2.82567
8,415,2.82609
8,416,2.82651
8,417,2.82692
8,418,2.82734
8,419,2.82775
8,420,2.82816
8,421,2.82857
8,422,2.82898
8,423,2.82938
8,424,2.82979
8,425,2.83019
8,426,2.83059
8,427,2.83099
8,428,2.83138
8,429,2.83178
8,430,2.83217
8,431,2.83256
8,432,2.83295
8,433,2.83333
8,434,2.83372
8,435,2.8341
8,436,2.83448
8,437,2.83486
8,438,2.83524
8,439,2.83562
8,440,2.83599
8,441,2.83636
8,442,2.83673
8,443,2.8371
8,444,2.83747
8,445,2.83784
8,446,2.8382
8,447,2.83857
8,448,2.83893
8,449,2.83929
8,450,2.83964
8,451,2.84
8,452,2.84035
8,453,2.84071
8,454,2.84106
8,455,2.84141
8,456,2.84176
8,457,2.84211
8,458,2.84464
8,459,2.84716
8,460,2.84967
8,461,2.85217
8,462,2.85466
8,463,2.85714
8,464,2.85961
8,465,2.86207
8,466,2.86452
8,467,2.86695
8,468,2.86938
8,469,2.87179
8,470,2.8742
8,471,2.8766
8,472,2.87898
8,473,2.88136
8,474,2.88372
8,475,2.88608
8,476,2.88842
8,477,2.89076
8,478,2.89308
8,479,2.8954
8,480,2.8977
8,481,2.9
8,482,2.90229
8,483,2.90456
8,484,2.90683
8,485,2.90909
8,486,2.91134
8,487,2.91358
8,488,2.91581
8,489,2.91803
8,490,2.92025
8,491,2.92245
8,492,2.92464
8,493,2.92683
8,494,2.92901
8,495,2.93117
8,496,2.93333
8,497,2.93548
8,498,2.93763
8,499,2.93976
8,500,2.94188
8,501,2.944
8,502,2.94611
8,503,2.94821
8,504,2.9503
8,505,2.95238
8,506,2.95446
8,507,2.95652
8,508,2.95858
8,509,2.96063
8,510,2.96267
8,511,2.96471
8,512,2.96673
8,513,2.96875
8,514,2.97076
8,515,2.97276
8,516,2.97476
8,517,2.97674
8,518,2.97872
8,519,2.98069
8,520,2.98266
8,521,2.98462
8,522,2.98656
8,523,2.98851
8,524,2.99044
8,525,2.99237
8,526,2.99429
8,527,2.9962
8,528,2.9981
8,529,3
8,530,3.00189
8,531,3.00377
8,532,3.00565
8,533,3.00752
8,534,3.00938
8,535,3.01124
8,536,3.01308
8,537,3.01493
8,538,3.01676
8,539,3.01859
8,540,3.02041
8,541,3.02222
8,542,3.02403
8,543,3.02583
8,544,3.02762
8,545,3.02941
8,546,3.03119
8,547,3.03297
8,548,3.03473
8,549,3.0365
8,550,3.03825
8,551,3.04
8,552,3.04174
8,553,3.04348
8,554,3.04521
8,555,3.04693
8,556,3.04865
8,557,3.05036
8,558,3.05206
8,559,3.05376
8,560,3.05546
8,561,3.05714
8,562,3.05882
8,563,3.0605
8,564,3.06217
8,565,3.06383
8,566,3.06549
8,567,3.06714
8,568,3.06878
8,569,3.07042
8,570,3.07206
8,571,3.07368
8,572,3.07531
8,573,3.07692
8,574,3.07853
8,575,3.08014
8,576,3.08174
8,577,3.08333
8,578,3.08492
8,579,3.08651
8,580,3.08808
8,581,3.08966
8,582,3.09122
8,583,3.09278
8,584,3.09434
8,585,3.09589
8,586,3.09744
8,587,3.09898
8,588,3.10051
8,589,3.10204
8,590,3.10357
8,591,3.10508
8,592,3.1066
8,593,3.10811
8,594,3.10961
8,595,3.11111
8,596,3.11261
8,597,3.11409
8,598,3.11558
8,599,3.11706
8,600,3.11853
8,601,3.12
8,602,3.12146
8,603,3.12292
8,604,3.12438
8,605,3.12583
8,606,3.12727
8,607,3.12871
8,608,3.13015
8,609,3.13158
8,610,3.133
8,611,3.13443
8,612,3.13584
8,613,3.13725
8,614,3.13866
8,615,3.14007
8,616,3.14146
8,617,3.14286
8,618,3.14425
8,619,3.14563
8,620,3.14701
8,621,3.14839
8,622,3.14976
8,623,3.15113
8,624,3.15249
8,625,3.15385
8,626,3.1552
8,627,3.15655
8,628,3.15789
8,629,3.15924
8,630,3.16057
8,631,3.1619
8,632,3.16323
8,633,3.16456
8,634,3.16588
8,635,3.16719
8,636,3.1685
8,637,3.16981
8,638,3.17111
8,639,3.17241
8,640,3.17371
8,641,3.175
8,642,3.17629
8,643,3.17757
8,644,3.17885
8,645,3.18012
8,646,3.1814
8,647,3.18266
8,648,3.18393
8,649,3.18519
8,650,3.18644
8,651,3.18769
8,652,3.18894
8,653,3.19018
8,654,3.19142
8,655,3.19266
8,656,3.19389
8,657,3.19512
8,658,3.19635
8,659,3.19757
8,660,3.19879
8,661,3.2
8,662,3.20121
8,663,3.20242
8,664,3.20362
8,665,3.20482
8,666,3.20602
8,667,3.20721
8,668,3.2084
8,669,3.20958
8,670,3.21076
8,671,3.21194
8,672,3.21311
8,673,3.21429
8,674,3.21545
8,675,3.21662
8,676,3.21778
8,677,3.21893
8,678,3.22009
8,679,3.22124
8,680,3.22239
8,681,3.22353
8,682,3.22467
8,683,3.22581
8,684,3.22694
8,685,3.22807
8,686,3.2292
8,687,3.23032
8,688,3.23144
8,689,3.23256
8,690,3.23367
8,691,3.23478
8,692,3.23589
8,693,3.23699
8,694,3.2381
8,695,3.23919
8,696,3.24029
8,697,3.24138
8,698,3.24247
8,699,3.24355
8,700,3.24464
8,701,3.24571
8,702,3.24679
8,703,3.24786
8,704,3.24893
8,705,3.25
8,706,3.25106
8,707,3.25212
8,708,3.25318
8,709,3.25424
8,710,3.25529
8,711,3.25634
8,712,3.25738
8,713,3.25843
8,714,3.25947
8,715,3.2605
8,716,3.26154
8,717,3.26257
8,718,3.2636
8,719,3.26462
8,720,3.26565
8,721,3.26667
8,722,3.26768
8,723,3.2687
8,724,3.26971
8,725,3.27072
8,726,3.27172
8,727,3.27273
8,728,3.27373
8,729,3.27473
8,730,3.27572
8,731,3.27671
8,732,3.2777
8,733,3.27869
8,734,3.27967
8,735,3.28065
8,736,3.28163
8,737,3.28261
8,738,3.28358
8,739,3.28455
8,740,3.28552
8,741,3.28649
8,742,3.28745
8,743,3.28841
8,744,3.28937
8,745,3.29032
8,746,3.29128
8,747,3.29223
8,748,3.29317
8,749,3.29412
8,750,3.29506
8,751,3.296
8,752,3.29694
8,753,3.29787
8,754,3.2988
8,755,3.29973
8,756,3.30066
8,757,3.30159
8,758,3.30251
8,759,3.30343
8,760,3.30435
8,761,3.30526
8,762,3.30618
8,763,3.30709
8,764,3.30799
8,765,3.3089
8,766,3.3098
8,767,3.3107
8,768,3.3116
8,769,3.3125
8,770,3.31339
8,771,3.31429
8,772,3.31518
8,773,3.31606
8,774,3.31695
8,775,3.31783
8,776,3.31871
8,777,3.31959
8,778,3.32046
8,779,3.32134
8,780,3.32221
8,781,3.32308
8,782,3.32394
8,783,3.32481
8,784,3.32567
8,785,3.32653
8,786,3.32739
8,787,3.32824
8,788,3.3291
8,789,3.32995
8,790,3.3308
8,791,3.33165
8,792,3.33249
8,793,3.33333
8,794,3.33417
8,795,3.33501
8,796,3.33585
8,797,3.33668
8,798,3.33752
8,799,3.33835
8,800,3.33917
8,801,3.34
8,802,3.34082
8,803,3.34165
8,804,3.34247
8,805,3.34328
8,806,3.3441
8,807,3.34491
8,808,3.34572
8,809,3.34653
8,810,3.34734
8,811,3.34815
8,812,3.34895
8,813,3.34975
8,814,3.35055
8,815,3.35135
8,816,3.35215
8,817,3.35294
8,818,3.35373
8,819,3.35452
8,820,3.35531
8,821,3.3561
8,822,3.35688
8,823,3.35766
8,824,3.35844
8,825,3.35922
8,826,3.36
8,827,3.36077
8,828,3.36155
8,829,3.36232
8,830,3.36309
8,831,3.36386
8,832,3.36462
8,833,3.36538
8,834,3.36615
8,835,3.36691
8,836,3.36766
8,837,3.36842
8,838,3.36918
8,839,3.36993
8,840,3.37068
8,841,3.37143
8,842,3.37218
8,843,3.37292
8,844,3.37367
8,845,3.37441
8,846,3.37515
8,847,3.37589
8,848,3.37662
8,849,3.37736
8,850,3.37809
8,851,3.37882
8,852,3.37955
8,853,3.38028
8,854,3.38101
8,855,3.38173
8,856,3.38246
8,857,3.38318
8,858,3.3839
8,859,3.38462
8,860,3.38533
8,861,3.38605
8,862,3.38676
8,863,3.38747
8,864,3.38818
8,865,3.38889
8,866,3.3896
8,867,3.3903
8,868,3.391
8,869,3.39171
8,870,3.39241
8,871,3.3931
8,872,3.3938
8,873,3.3945
8,874,3.39519
8,875,3.39588
8,876,3.39657
8,877,3.39726
8,878,3.39795
8,879,3.39863
8,880,3.39932
8,881,3.4
8,882,3.40068
8,883,3.40136
8,884,3.40204
8,885,3.40271
8,886,3.40339
8,887,3.40406
8,888,3.40474
8,889,3.40541
8,890,3.40607
8,891,3.40674
8,892,3.40741
8,893,3.40807
8,894,3.40873
8,895,3.4094
8,896,3.41006
8,897,3.41071
8,898,3.41137
8,899,3.41203
8,900,3.41268
8,901,3.41333
8,902,3.41398
8,903,3.41463
8,904,3.41528
8,905,3.41593
8,906,3.41657
8,907,3.41722
8,908,3.41786
8,909,3.4185
8,910,3.41914
8,911,3.41978
8,912,3.42042
8,913,3.42105
8,914,3.42169
8,915,3.42232
8,916,3.42295
8,917,3.42358
8,918,3.42421
8,919,3.42484
8,920,3.42546
8,921,3.42609
8,922,3.42671
8,923,3.42733
8,924,3.42795
8,925,3.42857
8,926,3.42919
8,927,3.42981
8,928,3.43042
8,929,3.43103
8,930,3.43165
8,931,3.43226
8,932,3.43287
8,933,3.43348
8,934,3.43408
8,935,3.43469
8,936,3.43529
8,937,3.4359
8,938,3.4365
8,939,3.4371
8,940,3.4377
8,941,3.4383
8,942,3.43889
8,943,3.43949
8,944,3.44008
8,945,3.44068
8,946,3.44127
8,947,3.44186
8,948,3.44245
8,949,3.44304
8,950,3.44362
8,951,3.44421
8,952,3.44479
8,953,3.44538
8,954,3.44596
8,955,3.44654
8,956,3.44712
8,957,3.4477
8,958,3.44828
8,959,3.44885
8,960,3.44943
8,961,3.45
8,962,3.45057
8,963,3.45114
8,964,3.45171
8,965,3.45228
8,966,3.45285
8,967,3.45342
8,968,3.45398
8,969,3.45455
8,970,3.45511
8,971,3.45567
8,972,3.45623
8,973,3.45679
8,974,3.45735
8,975,3.45791
8,976,3.45846
8,977,3.45902
8,978,3.45957
8,979,3.46012
8,980,3.46067
8,981,3.46122
8,982,3.46177
8,983,3.46232
8,984,3.46287
8,985,3.46341
8,986,3.46396
8,987,3.4645
8,988,3.46505
8,989,3.46559
8,990,3.46613
8,991,3.46667
8,992,3.4672
8,993,3.46774
8,994,3.46828
8,995,3.46881
8,996,3.46935
8,997,3.46988
8,998,3.47041
8,999,3.47094
8,1000,3.47147
16,17,1
16,18,1.05882
16,19,1.11111
16,20,1.15789
16,21,1.2
16,22,1.2381
16,23,1.27273
16,24,1.30435
16,25,1.33333
16,26,1.36
16,27,1.38462
16,28,1.40741
16,29,1.42857
16,30,1.44828
16,31,1.46667
16,32,1.48387
16,33,1.5
16,34,1.51515
16,35,1.52941
16,36,1.54286
16,37,1.55556
16,38,1.56757
16,39,1.57895
16,40,1.58974
16,41,1.6
16,42,1.60976
16,43,1.61905
16,44,1.62791
16,45,1.63636
16,46,1.64444
16,47,1.65217
16,48,1.65957
16,49,1.66667
16,50,1.67347
16,51,1.68
16,52,1.68627
16,53,1.69231
16,54,1.69811
16,55,1.7037
16,56,1.70909
16,57,1.71429
16,58,1.7193
16,59,1.72414
16,60,1.72881
16,61,1.73333
16,62,1.7377
16,63,1.74194
16,64,1.74603
16,65,1.75
16,66,1.75385
16,67,1.75758
16,68,1.76119
16,69,1.76471
16,70,1.76812
16,71,1.77143
16,72,1.77465
16,73,1.77778
16,74,1.78082
16,75,1.78378
16,76,1.78667
16,77,1.78947
16,78,1.79221
16,79,1.79487
16,80,1.79747
16,81,1.8
16,82,1.80247
16,83,1.80488
16,84,1.80723
16,85,1.80952
16,86,1.81176
16,87,1.81395
16,88,1.81609
16,89,1.81818
16,90,1.82022
16,91,1.82222
16,92,1.82418
16,93,1.82609
16,94,1.82796
16,95,1.82979
16,96,1.83158
16,97,1.83333
16,98,1.83505
16,99,1.83673
16,100,1.83838
16,101,1.84
16,102,1.84158
16,103,1.84314
16,104,1.84466
16,105,1.84615
16,106,1.84762
16,107,1.84906
16,108,1.85047
16,109,1.85185
16,110,1.85321
16,111,1.85455
16,112,1.85586
16,113,1.85714
16,114,1.85841
16,115,1.85965
16,116,1.86087
16,117,1.86207
16,118,1.86325
16,119,1.86441
16,120,1.86555
16,121,1.86667
16,122,1.86777
16,123,1.86885
16,124,1.86992
16,125,1.87097
16,126,1.872
16,127,1.87302
16,128,1.87402
16,129,1.875
16,130,1.87597
16,131,1.87692
16,132,1.87786
16,133,1.87879
16,134,1.8797
16,135,1.8806
16,136,1.88148
16,137,1.88235
16,138,1.88321
16,139,1.88406
16,140,1.88489
16,141,1.88571
16,142,1.88652
16,143,1.88732
16,144,1.88811
16,145,1.88889
16,146,1.88966
16,147,1.89041
16,148,1.89116
16,149,1.89189
16,150,1.89262
16,151,1.89333
16,152,1.89404
16,153,1.89474
16,154,1.89542
16,155,1.8961
16,156,1.89677
16,157,1.89744
16,158,1.89809
16,159,1.89873
16,160,1.89937
16,161,1.9
16,162,1.90062
16,163,1.90123
16,164,1.90184
16,165,1.90244
16,166,1.90303
16,167,1.90361
16,168,1.90419
16,169,1.90476
16,170,1.90533
16,171,1.90588
16,172,1.90643
16,173,1.90698
16,174,1.90751
16,175,1.90805
16,176,1.90857
16,177,1.90909
16,178,1.9096
16,179,1.91011
16,180,1.91061
16,181,1.91111
16,182,1.9116
16,183,1.91209
16,184,1.91257
16,185,1.91304
16,186,1.91351
16,187,1.91398
16,188,1.91444
16,189,1.91489
16,190,1.91534
16,191,1.91579
16,192,1.91623
16,193,1.91667
16,194,1.9171
16,195,1.91753
16,196,1.91795
16,197,1.91837
16,198,1.91878
16,199,1.91919
16,200,1.9196
16,201,1.92
16,202,1.9204
16,203,1.92079
16,204,1.92118
16,205,1.92157
16,206,1.92195
16,207,1.92233
16,208,1.92271
16,209,1.92308
16,210,1.92344
16,211,1.92381
16,212,1.92417
16,213,1.92453
16,214,1.92488
16,215,1.92523
16,216,1.92558
16,217,1.92593
16,218,1.92627
16,219,1.92661
16,220,1.92694
16,221,1.92727
16,222,1.9276
16,223,1.92793
16,224,1.92825
16,225,1.92857
16,226,1.92889
16,227,1.9292
16,228,1.92952
16,229,1.92982
16,230,1.93013
16,231,1.93043
16,232,1.93074
16,233,1.93103
16,234,1.93133
16,235,1.93162
16,236,1.93191
16,237,1.9322
16,238,1.93249
16,239,1.93277
16,240,1.93305
16,241,1.93333
16,242,1.93361
16,243,1.93388
16,244,1.93416
16,245,1.93443
16,246,1.93469
16,247,1.93496
16,248,1.93522
16,249,1.93548
16,250,1.93574
16,251,1.936
16,252,1.93625
16,253,1.93651
16,254,1.93676
16,255,1.93701
16,256,1.93725
16,257,1.9375
16,258,1.94163
16,259,1.94574
16,260,1.94981
16,261,1.95385
16,262,1.95785
16,263,1.96183
16,264,1.96578
16,265,1.9697
16,266,1.97358
16,267,1.97744
16,268,1.98127
16,269,1.98507
16,270,1.98885
16,271,1.99259
16,272,1.99631
16,273,2
16,274,2.00366
16,275,2.0073
16,276,2.01091
16,277,2.01449
16,278,2.01805
16,279,2.02158
16,280,2.02509
16,281,2.02857
16,282,2.03203
16,283,2.03546
16,284,2.03887
16,285,2.04225
16,286,2.04561
16,287,2.04895
16,288,2.05226
16,289,2.05556
16,290,2.05882
16,291,2.06207
16,292,2.06529
16,293,2.06849
16,294,2.07167
16,295,2.07483
16,296,2.07797
16,297,2.08108
16,298,2.08418
16,299,2.08725
16,300,2.0903
16,301,2.09333
16,302,2.09635
16,303,2.09934
16,304,2.10231
16,305,2.10526
16,306,2.1082
16,307,2.11111
16,308,2.11401
16,309,2.11688
16,310,2.11974
16,311,2.12258
16,312,2.1254
16,313,2.12821
16,314,2.13099
16,315,2.13376
16,316,2.13651
16,317,2.13924
16,318,2.14196
16,319,2.14465
16,320,2.14734
16,321,2.15
16,322,2.15265
16,323,2.15528
16,324,2.15789
16,325,2.16049
16,326,2.16308
16,327,2.16564
16,328,2.1682
16,329,2.17073
16,330,2.17325
16,331,2.17576
16,332,2.17825
16,333,2.18072
16,334,2.18318
16,335,2.18563
16,336,2.18806
16,337,2.19048
16,338,2.19288
16,339,2.19527
16,340,2.19764
16,341,2.2
16,342,2.20235
16,343,2.20468
16,344,2.207
16,345,2.2093
16,346,2.21159
16,347,2.21387
16,348,2.21614
16,349,2.21839
16,350,2.22063
16,351,2.22286
16,352,2.22507
16,353,2.22727
16,354,2.22946
16,355,2.23164
16,356,2.2338
16,357,2.23596
16,358,2.2381
16,359,2.24022
16,360,2.24234
16,361,2.24444
16,362,2.24654
16,363,2.24862
16,364,2.25069
16,365,2.25275
16,366,2.25479
16,367,2.25683
16,368,2.25886
16,369,2.26087
16,370,2.26287
16,371,2.26486
16,372,2.26685
16,373,2.26882
16,374,2.27078
16,375,2.27273
16,376,2.27467
16,377,2.2766
16,378,2.27851
16,379,2.28042
16,380,2.28232
16,381,2.28421
16,382,2.28609
16,383,2.28796
16,384,2.28982
16,385,2.29167
16,386,2.29351
16,387,2.29534
16,388,2.29716
16,389,2.29897
16,390,2.30077
16,391,2.30256
16,392,2.30435
16,393,2.30612
16,394,2.30789
16,395,2.30964
16,396,2.31139
16,397,2.31313
16,398,2.31486
16,399,2.31658
16,400,2.3183
16,401,2.32
16,402,2.3217
16,403,2.32338
16,404,2.32506
16,405,2.32673
16,406,2.3284
16,407,2.33005
16,408,2.3317
16,409,2.33333
16,410,2.33496
16,411,2.33659
16,412,2.3382
16,413,2.33981
16,414,2.3414
16,415,2.343
16,416,2.34458
16,417,2.34615
16,418,2.34772
16,419,2.34928
16,420,2.35084
16,421,2.35238
16,422,2.35392
16,423,2.35545
16,424,2.35697
16,425,2.35849
16,426,2.36
16,427,2.3615
16,428,2.363
16,429,2.36449
16,430,2.36597
16,431,2.36744
16,432,2.36891
16,433,2.37037
16,434,2.37182
16,435,2.37327
16,436,2.37471
16,437,2.37615
16,438,2.37757
16,439,2.379
16,440,2.38041
16,441,2.38182
16,442,2.38322
16,443,2.38462
16,444,2.386
16,445,2.38739
16,446,2.38876
16,447,2.39013
16,448,2.3915
16,449,2.39286
16,450,2.39421
16,451,2.39556
16,452,2.3969
16,453,2.39823
16,454,2.39956
16,455,2.40088
16,456,2.4022
16,457,2.40351
16,458,2.40481
16,459,2.40611
16,460,2.40741
16,461,2.4087
16,462,2.40998
16,463,2.41126
16,464,2.41253
16,465,2.41379
16,466,2.41505
16,467,2.41631
16,468,2.41756
16,469,2.4188
16,470,2.42004
16,471,2.42128
16,472,2.42251
16,473,2.42373
16,474,2.42495
16,475,2.42616
16,476,2.42737
16,477,2.42857
16,478,2.42977
16,479,2.43096
16,480,2.43215
16,481,2.43333
16,482,2.43451
16,483,2.43568
16,484,2.43685
16,485,2.43802
16,486,2.43918
16,487,2.44033
16,488,2.44148
16,489,2.44262
16,490,2.44376
16,491,2.4449
16,492,2.44603
16,493,2.44715
16,494,2.44828
16,495,2.44939
16,496,2.45051
16,497,2.45161
16,498,2.45272
16,499,2.45382
16,500,2.45491
16,501,2.456
16,502,2.45709
16,503,2.45817
16,504,2.45924
16,505,2.46032
16,506,2.46139
16,507,2.46245
16,508,2.46351
16,509,2.46457
16,510,2.46562
16,511,2.46667
16,512,2.46771
16,513,2.46875
16,514,2.46979
16,515,2.47082
16,516,2.47184
16,517,2.47287
16,518,2.47389
16,519,2.4749
16,520,2.47592
16,521,2.47692
16,522,2.47793
16,523,2.47893
16,524,2.47992
16,525,2.48092
16,526,2.4819
16,527,2.48289
16,528,2.48387
16,529,2.48485
16,530,2.48582
16,531,2.48679
16,532,2.48776
16,533,2.48872
16,534,2.48968
16,535,2.49064
16,536,2.49159
16,537,2.49254
16,538,2.49348
16,539,2.49442
16,540,2.49536
16,541,2.4963
16,542,2.49723
16,543,2.49815
16,544,2.49908
16,545,2.5
16,546,2.50092
16,547,2.50183
16,548,2.50274
16,549,2.50365
16,550,2.50455
16,551,2.50545
16,552,2.50635
16,553,2.50725
16,554,2.50814
16,555,2.50903
16,556,2.50991
16,557,2.51079
16,558,2.51167
16,559,2.51254
16,560,2.51342
16,561,2.51429
16,562,2.51515
16,563,2.51601
16,564,2.51687
16,565,2.51773
16,566,2.51858
16,567,2.51943
16,568,2.52028
16,569,2.52113
16,570,2.52197
16,571,2.52281
16,572,2.52364
16,573,2.52448
16,574,2.52531
16,575,2.52613
16,576,2.52696
16,577,2.52778
16,578,2.5286
16,579,2.52941
16,580,2.53022
16,581,2.53103
16,582,2.53184
16,583,2.53265
16,584,2.53345
16,585,2.53425
16,586,2.53504
16,587,2.53584
16,588,2.53663
16,589,2.53741
16,590,2.5382
16,591,2.53898
16,592,2.53976
16,593,2.54054
16,594,2.54132
16,595,2.54209
16,596,2.54286
16,597,2.54362
16,598,2.54439
16,599,2.54515
16,600,2.54591
16,601,2.54667
16,602,2.54742
16,603,2.54817
16,604,2.54892
16,605,2.54967
16,606,2.55041
16,607,2.55116
16,608,2.55189
16,609,2.55263
16,610,2.55337
16,611,2.5541
16,612,2.55483
16,613,2.55556
16,614,2.55628
16,615,2.557
16,616,2.55772
16,617,2.55844
16,618,2.55916
16,619,2.55987
16,620,2.56058
16,621,2.56129
16,622,2.562
16,623,2.5627
16,624,2.5634
16,625,2.5641
16,626,2.5648
16,627,2.5655
16,628,2.56619
16,629,2.56688
16,630,2.56757
16,631,2.56825
16,632,2.56894
16,633,2.56962
16,634,2.5703
16,635,2.57098
16,636,2.57165
16,637,2.57233
16,638,2.573
16,639,2.57367
16,640,2.57433
16,641,2.575
16,642,2.57566
16,643,2.57632
16,644,2.57698
16,645,2.57764
16,646,2.57829
16,647,2.57895
16,648,2.5796
16,649,2.58025
16,650,2.58089
16,651,2.58154
16,652,2.58218
16,653,2.58282
16,654,2.58346
16,655,2.5841
16,656,2.58473
16,657,2.58537
16,658,2.586
16,659,2.58663
16,660,2.58725
16,661,2.58788
16,662,2.5885
16,663,2.58912
16,664,2.58974
16,665,2.59036
16,666,2.59098
16,667,2.59159
16,668,2.5922
16,669,2.59281
16,670,2.59342
16,671,2.59403
16,672,2.59463
16,673,2.59524
16,674,2.59584
16,675,2.59644
16,676,2.59704
16,677,2.59763
16,678,2.59823
16,679,2.59882
16,680,2.59941
16,681,2.6
16,682,2.60059
16,683,2.60117
16,684,2.60176
16,685,2.60234
16,686,2.60292
16,687,2.6035
16,688,2.60408
16,689,2.60465
16,690,2.60522
16,691,2.6058
16,692,2.60637
16,693,2.60694
16,694,2.6075
16,695,2.60807
16,696,2.60863
16,697,2.6092
16,698,2.60976
16,699,2.61032
16,700,2.61087
16,701,2.61143
16,702,2.61198
16,703,2.61254
16,704,2.61309
16,705,2.61364
16,706,2.61418
16,707,2.61473
16,708,2.61528
16,709,2.61582
16,710,2.61636
16,711,2.6169
16,712,2.61744
16,713,2.61798
16,714,2.61851
16,715,2.61905
16,716,2.61958
16,717,2.62011
16,718,2.62064
16,719,2.62117
16,720,2.6217
16,721,2.62222
16,722,2.62275
16,723,2.62327
16,724,2.62379
16,725,2.62431
16,726,2.62483
16,727,2.62534
16,728,2.62586
16,729,2.62637
16,730,2.62689
16,731,2.6274
16,732,2.62791
16,733,2.62842
16,734,2.62892
16,735,2.62943
16,736,2.62993
16,737,2.63043
16,738,2.63094
16,739,2.63144
16,740,2.63194
16,741,2.63243
16,742,2.63293
16,743,2.63342
16,744,2.63392
16,745,2.63441
16,746,2.6349
16,747,2.63539
16,748,2.63588
16,749,2.63636
16,750,2.63685
16,751,2.63733
16,752,2.63782
16,753,2.6383
16,754,2.63878
16,755,2.63926
16,756,2.63974
16,757,2.64021
16,758,2.64069
16,759,2.64116
16,760,2.64163
16,761,2.64211
16,762,2.64258
16,763,2.64304
16,764,2.64351
16,765,2.64398
16,766,2.64444
16,767,2.64491
16,768,2.64537
16,769,2.64583
16,770,2.64629
16,771,2.64675
16,772,2.64721
16,773,2.64767
16,774,2.64812
16,775,2.64858
16,776,2.64903
16,777,2.64948
16,778,2.64994
16,779,2.65039
16,780,2.65083
16,781,2.65128
16,782,2.65173
16,783,2.65217
16,784,2.65262
16,785,2.65306
16,786,2.6535
16,787,2.65394
16,788,2.65438
16,789,2.65482
16,790,2.65526
16,791,2.6557
16,792,2.65613
16,793,2.65657
16,794,2.657
16,795,2.65743
16,796,2.65786
16,797,2.65829
16,798,2.65872
16,799,2.65915
16,800,2.65957
16,801,2.66
16,802,2.66042
16,803,2.66085
16,804,2.66127
16,805,2.66169
16,806,2.66211
16,807,2.66253
16,808,2.66295
16,809,2.66337
16,810,2.66378
16,811,2.6642
16,812,2.66461
16,813,2.66502
16,814,2.66544
16,815,2.66585
16,816,2.66626
16,817,2.66667
16,818,2.66707
16,819,2.66748
16,820,2.66789
16,821,2.66829
16,822,2.6687
16,823,2.6691
16,824,2.6695
16,825,2.6699
16,826,2.6703
16,827,2.6707
16,828,2.6711
16,829,2.6715
16,830,2.67189
16,831,2.67229
16,832,2.67268
16,833,2.67308
16,834,2.67347
16,835,2.67386
16,836,2.67425
16,837,2.67464
16,838,2.67503
16,839,2.67542
16,840,2.6758
16,841,2.67619
16,842,2.67658
16,843,2.67696
16,844,2.67734
16,845,2.67773
16,846,2.67811
16,847,2.67849
16,848,2.67887
16,849,2.67925
16,850,2.67962
16,851,2.68
16,852,2.68038
16,853,2.68075
16,854,2.68113
16,855,2.6815
16,856,2.68187
16,857,2.68224
16,858,2.68261
16,859,2.68298
16,860,2.68335
16,861,2.68372
16,862,2.68409
16,863,2.68445
16,864,2.68482
16,865,2.68519
16,866,2.68555
16,867,2.68591
16,868,2.68627
16,869,2.68664
16,870,2.687
16,871,2.68736
16,872,2.68772
16,873,2.68807
16,874,2.68843
16,875,2.68879
16,876,2.68914
16,877,2.6895
16,878,2.68985
16,879,2.69021
16,880,2.69056
16,881,2.69091
16,882,2.69126
16,883,2.69161
16,884,2.69196
16,885,2.69231
16,886,2.69266
16,887,2.693
16,888,2.69335
16,889,2.69369
16,890,2.69404
16,891,2.69438
16,892,2.69473
16,893,2.69507
16,894,2.69541
16,895,2.69575
16,896,2.69609
16,897,2.69643
16,898,2.69677
16,899,2.6971
16,900,2.69744
16,901,2.69778
16,902,2.69811
16,903,2.69845
16,904,2.69878
16,905,2.69912
16,906,2.69945
16,907,2.69978
16,908,2.70011
16,909,2.70044
16,910,2.70077
16,911,2.7011
16,912,2.70143
16,913,2.70175
16,914,2.70208
16,915,2.70241
16,916,2.70273
16,917,2.70306
16,918,2.70338
16,919,2.7037
16,920,2.70403
16,921,2.70435
16,922,2.70467
16,923,2.70499
16,924,2.70531
16,925,2.70563
16,926,2.70595
16,927,2.70626
16,928,2.70658
16,929,2.7069
16,930,2.70721
16,931,2.70753
16,932,2.70784
16,933,2.70815
16,934,2.70847
16,935,2.70878
16,936,2.70909
16,937,2.7094
16,938,2.70971
16,939,2.71002
16,940,2.71033
16,941,2.71064
16,942,2.71095
16,943,2.71125
16,944,2.71156
16,945,2.71186
16,946,2.71217
16,947,2.71247
16,948,2.71278
16,949,2.71308
16,950,2.71338
16,951,2.71368
16,952,2.71399
16,953,2.71429
16,954,2.71459
16,955,2.71488
16,956,2.71518
16,957,2.71548
16,958,2.71578
16,959,2.71608
16,960,2.71637
16,961,2.71667
16,962,2.71696
16,963,2.71726
16,964,2.71755
16,965,2.71784
16,966,2.71813
16,967,2.71843
16,968,2.71872
16,969,2.71901
16,970,2.7193
16,971,2.71959
16,972,2.71988
16,973,2.72016
16,974,2.72045
16,975,2.72074
16,976,2.72103
16,977,2.72131
16,978,2.7216
16,979,2.72188
16,980,2.72217
16,981,2.72245
16,982,2.72273
16,983,2.72301
16,984,2.7233
16,985,2.72358
16,986,2.72386
16,987,2.72414
16,988,2.72442
16,989,2.7247
16,990,2.72497
16,991,2.72525
16,992,2.72553
16,993,2.72581
16,994,2.72608
16,995,2.72636
16,996,2.72663
16,997,2.72691
16,998,2.72718
16,999,2.72745
16,1000,2.72773
